epoch,train_loss,train_acc,val_loss,val_acc,epoch_time_s
1,0.8733658654053644,0.7628349386383413,0.044658471033134174,0.99081944916695,153.76405308302492
2,0.0793616975052549,0.9805863113991659,0.019591181003037347,0.9948996939816389,140.91649208310992
3,0.04361214573314649,0.9888378791970475,0.01554897771809416,0.995579734784087,114.54217608296312
4,0.032553117198332315,0.9909382782728718,0.010718931316213466,0.9976198571914315,98.68337945919484
5,0.02712386289196364,0.9918984607075344,0.01215036991460832,0.9964297857871472,93.57417441694997
6,0.022817627179832045,0.9930386773486962,0.008902303605482605,0.9976198571914315,86.02633991697803
7,0.01893073914162476,0.9942088996909413,0.008952911634445292,0.9977898673920436,74.95383408293128
8,0.01636631936693634,0.9950190536201878,0.00801424005862727,0.9977898673920436,75.04539699992165
9,0.01376266557017589,0.9955591562396855,0.004529817517132458,0.9986399183951037,73.7036834161263
10,0.014288161102904082,0.9952590992288535,0.007014070327525286,0.9984699081944917,70.6221402080264
11,0.009320995140427472,0.9971494583970955,0.008648116852518454,0.9981298877932676,75.21383362519555
12,0.010649068440896506,0.9965493443754313,0.008116400051723933,0.9977898673920436,74.27107233414426
13,0.009520416606245754,0.9969994298916794,0.004620399193500828,0.9989799387963277,107.19776787492447
14,0.00907226010196433,0.9967293785819306,0.005103781583742072,0.9986399183951037,86.96148704201914
