parameter,shape,count,% of total
features.0.block.0.weight,"(32, 3, 3, 3)",864,0.04
features.0.block.1.weight,"(32,)",32,0.0
features.0.block.1.bias,"(32,)",32,0.0
features.0.block.3.weight,"(32, 32, 3, 3)",9216,0.38
features.0.block.4.weight,"(32,)",32,0.0
features.0.block.4.bias,"(32,)",32,0.0
features.1.block.0.weight,"(64, 32, 3, 3)",18432,0.77
features.1.block.1.weight,"(64,)",64,0.0
features.1.block.1.bias,"(64,)",64,0.0
features.1.block.3.weight,"(64, 64, 3, 3)",36864,1.54
features.1.block.4.weight,"(64,)",64,0.0
features.1.block.4.bias,"(64,)",64,0.0
features.2.block.0.weight,"(128, 64, 3, 3)",73728,3.08
features.2.block.1.weight,"(128,)",128,0.01
features.2.block.1.bias,"(128,)",128,0.01
features.2.block.3.weight,"(128, 128, 3, 3)",147456,6.15
features.2.block.4.weight,"(128,)",128,0.01
features.2.block.4.bias,"(128,)",128,0.01
classifier.1.weight,"(256, 8192)",2097152,87.52
classifier.2.weight,"(256,)",256,0.01
classifier.2.bias,"(256,)",256,0.01
classifier.5.weight,"(43, 256)",11008,0.46
classifier.5.bias,"(43,)",43,0.0
