class,class_id,precision,recall,f1-score,support,train_count
Speed limit (20km/h),0,1.0,1.0,1.0,60,179
Speed limit (30km/h),1,0.9986111111111111,0.9986111111111111,0.9986111111111111,720,1887
Speed limit (50km/h),2,1.0,0.9973333333333333,0.9986648865153538,750,1912
Speed limit (60km/h),3,0.9955555555555555,0.9955555555555555,0.9955555555555555,450,1198
Speed limit (70km/h),4,0.9984848484848485,0.9984848484848485,0.9984848484848485,660,1683
Speed limit (80km/h),5,0.9936808846761453,0.9984126984126984,0.9960411718131433,630,1581
End of speed limit (80km/h),6,1.0,0.94,0.9690721649484536,150,357
Speed limit (100km/h),7,0.9955654101995566,0.9977777777777778,0.9966703662597114,450,1224
Speed limit (120km/h),8,0.9977827050997783,1.0,0.9988901220865705,450,1198
No passing,9,1.0,1.0,1.0,480,1249
No passing for vehicles over 3.5t,10,1.0,0.9984848484848485,0.9992418498862775,660,1708
Right-of-way at next intersection,11,0.9951219512195122,0.9714285714285714,0.983132530120482,420,1122
Priority road,12,1.0,0.9840579710144928,0.9919649379108838,690,1785
Yield,13,0.994475138121547,1.0,0.997229916897507,720,1836
Stop,14,1.0,1.0,1.0,270,663
No vehicles,15,0.963302752293578,1.0,0.9813084112149533,210,535
Vehicles over 3.5t prohibited,16,1.0,1.0,1.0,150,357
No entry,17,1.0,1.0,1.0,360,943
General caution,18,1.0,0.9871794871794872,0.9935483870967742,390,1020
Dangerous curve left,19,1.0,1.0,1.0,60,179
Dangerous curve right,20,0.989010989010989,1.0,0.994475138121547,90,306
Double curve,21,1.0,0.9444444444444444,0.9714285714285714,90,281
Bumpy road,22,1.0,0.9833333333333333,0.9915966386554622,120,332
Slippery road,23,0.9868421052631579,1.0,0.9933774834437086,150,433
Road narrows on the right,24,1.0,0.9888888888888889,0.994413407821229,90,230
Road work,25,0.9979123173277662,0.9958333333333333,0.9968717413972888,480,1275
Traffic signals,26,0.989010989010989,1.0,0.994475138121547,180,510
Pedestrians,27,1.0,1.0,1.0,60,204
Children crossing,28,1.0,1.0,1.0,150,459
Bicycles crossing,29,0.989010989010989,1.0,0.994475138121547,90,230
Beware of ice/snow,30,0.9235668789808917,0.9666666666666667,0.9446254071661238,150,382
Wild animals crossing,31,0.96415770609319,0.9962962962962963,0.9799635701275046,270,663
End of all speed and passing limits,32,0.967741935483871,1.0,0.9836065573770492,60,204
Turn right ahead,33,0.9859154929577465,1.0,0.9929078014184397,210,586
Turn left ahead,34,1.0,1.0,1.0,120,357
Ahead only,35,1.0,1.0,1.0,390,1020
Go straight or right,36,0.9917355371900827,1.0,0.995850622406639,120,332
Go straight or left,37,1.0,1.0,1.0,60,179
Keep right,38,1.0,1.0,1.0,690,1759
Keep left,39,1.0,1.0,1.0,90,255
Roundabout mandatory,40,1.0,0.9777777777777777,0.9887640449438202,90,306
End of no passing,41,0.967741935483871,1.0,0.9836065573770492,60,204
End of no passing by vehicles over 3.5t,42,0.9782608695652174,1.0,0.989010989010989,90,204
